PharmacyID,NAME,CITY,STATE,ZIP,Longitude,Latitude
1,BENNETT'S CREEK PHARMACY,SUFFOLK,VA,23435,-76.484255,36.862618
2,CVS - 2110,HUNTINGDON VALLEY,PA,19006,-75.068897,40.119824
3,RITE AID - 10362,COLCHESTER,CT,6415,-72.333488,41.575866
4,PALMA PHARMACY,BROOKLYN,NY,11215,-73.976742,40.672304
5,SANFORD MEDICAL CENTER PHARMACY,SIOUX FALLS,SD,57105,-96.742106,43.535515
6,WALGREENS - 7021,,CO,80013,-104.77132,39.676549
7,GALENA PHARMACY INC,GALENA,MD,21635,-75.880992,39.340848
8,RITE AID - 11672,WILLISTON,SC,29853,-81.42104,33.40059
9,WALGREENS - 3706,SAN FRANCISCO,CA,94118,-122.457633,37.786152
10,CENTRAL DRUG,SAN JUAN,PR,921,-66.087289,18.403133
11,ALBERTSONS - 4198,FORT WORTH,TX,76244,-97.287475,32.929476
12,ANSON PHARMACY INCORPORATED,WADESBORO,NC,28170,-80.08261,34.95892
13,WALGREENS - 7882,BARABOO,WI,53913,-89.769551,43.475245
14,GENERAL COMMUNITY PHARMACY,KINGSTON,PA,18704,-75.889219,41.26971
15,PUBLIX - 00759,WESTON,FL,33326,-80.38091,26.098268
16,DORAL FAMILY PHARMACY,DORAL,FL,33178,-80.368716,25.807872
17,WAL-MART SUPERCENTER - 151,MCALESTER,OK,74501,-95.740515,34.919189
18,FARMACIA VELEZ,ARECIBO,PR,612,-66.620498,18.447762
19,WALGREENS - 7747,GILBERT,AZ,85297,-111.719558,33.277128
20,ALEGENT HEALTH BERGAN MERCY PHARMACY,OMAHA,NE,68124,-96.030748,41.2394
21,WALGREENS - 74,BOYNTON BEACH,FL,33435,,26.513078
22,CVS - 9176,TULARE,CA,93274,-119.326907,36.225416
23,CENTER DRUG INCORPORATED,LIBBY,MT,59923,-115.560342,48.389408
24,THE MEDICINE SHOPPE PHARMACY,LAKE JACKSON,TX,77566,-95.457542,29.040892
25,FRANKLIN C FETTER FAMILY HEALTH CENTER,CHARLESTON,SC,29403,-79.938612,32.793851
26,PROMPTCARE HOME INFUSION,FARMINGDALE,NY,11735,-73.403242,40.753037
27,ALLEGAN COMMUNITY PHARMACY,ALLEGAN,MI,49010,-85.849515,42.528092
28,WESLEY MEDICAL CENTER,WICHITA,KS,67214,-97.297904,37.695461
29,DOMINICK'S,EVANSTON,IL,60202,-87.700162,42.038495
30,RX DISCOUNT PHARMACY 1,HAZARD,KY,41701,-83.223214,37.277039
31,WAL-MART SUPERCENTER - 345,PALESTINE,TX,75801,-200.0,31.73654
32,SAENZ MEDICAL PHARMACY,MCALLEN,TX,78501,-98.223247,26.192129
33,RITE AID - 3174,MENTOR,OH,44060,-81.361157,41.704478
34,FISHER-TITUS MEDICAL CENTER,NORWALK,OH,44857,-82.603555,41.225823
35,ECKERD CORPORATION,TAPPAHANNOCK,VA,22560,-76.869792,37.898509
36,MEDICAL CENTER PHARMACY,WYANDANCH,NY,11798,-73.361758,40.751132
37,CVS - 2200,MARSTONS MILLS,MA,2648,-70.424177,41.647524
38,CVS - 8389,SAN ANTONIO,TX,78240,-98.603656,29.518924
39,BILLS PHARMACY,MORRILTON,AR,72110,-92.743524,35.152833
40,CVS - 287,ROCHESTER HILLS,MI,48307,-83.1307,42.652057
41,RITE AID - 3061,CANTON,OH,44709,-81.391336,100.0
42,MAPLE PHARMACY,SMITHTOWN,NY,11787,-73.194935,40.8373
43,LANAI COMMUNITY HOSPITAL,LANAI CITY,HI,96763,-156.917179,20.825863
44,TARGET,VALLEY STREAM,NY,11581,-73.720691,40.664633
45,WALGREENS - 11871,NEW YORK,NY,10016,-73.976778,40.74708
46,ALBERTSONS-SAVON - 537,GRANTS PASS,OR,97527,-123.352752,42.419321
47,ADVANCE OUTCOME MANAGEMENT PHARMACY SERVICES,GARDEN GROVE,CA,92845,-118.034838,33.776384
48,PLAZA PHARMACY,IRVINE,KY,40336,-83.99258,37.699915
49,TARGET,COLUMBUS,GA,31904,-84.971572,32.535049
50,TARGET,ENFIELD,CT,6082,-72.582267,41.996254
51,RITE AID - 6032,SONOMA,CA,95476,-122.476734,38.299218
52,WALGREENS - 6489,SHAKOPEE,MN,55379,-93.506137,44.781683
53,WALGREENS - 5135,SELDEN,NY,11784,-73.034704,40.867546
54,RITE AID - 10482,SOMERS POINT,NJ,8244,-74.600115,39.326074
55,RX HEALTH PHARMACY,MIAMI,FL,33165,-80.345512,25.733406
56,DOMINICK'S,RIVER GROVE,IL,60171,-87.833185,41.936459
57,TARGET,FRESNO,CA,93726,-119.770978,36.780804
58,SMITH'S,OGDEN,UT,84404,-111.946688,41.24093
59,SUPER STOP AND SHOP - 0044,WALPOLE,MA,2081,-71.241599,42.156826
60,KROGER,KATY,TX,77450,-95.75374,29.735598
61,SPRING VIEW DRUGS HEALTH MART,MILLBROOK,AL,36054,-86.368387,32.499319
62,HARSEYS PHARMACY,CHERAW,SC,29520,-79.898287,34.688246
63,RITE AID - 200,LEBANON,PA,17042,-76.430409,40.338479
64,CVS - 7897,CLERMONT,FL,34714,-81.682777,28.37099
65,WALGREENS - 5094,HOUSTON,TX,77079,-95.608481,29.770564
66,OMNICARE,WILLIAMSPORT,PA,17701,-76.985412,41.245824
67,VISELS PHARMACY,NEW HAVEN,CT,6511,-72.935473,41.332661
68,CVS - 9171,MODESTO,CA,95350,-121.048014,37.68454
69,PHILHAVEN - MOUNT GRETNA CAMPUS,LEBANON,PA,17042,-76.462142,40.267587
70,CVS - 9983,KINGSBURG,CA,93631,-119.558135,36.519598
71,PROMISECARE PHARMACY,ANTIOCH,TN,37013,-86.689228,36.071225
72,ELFERS-LYON PHARMACY,PROSSER,WA,99350,-119.762948,46.207323
73,CVS - 114,WALTHAM,MA,2453,-71.243316,42.375887
74,OWENS HEALTH MART PHARMACY,BLYTHEVILLE,AR,72315,-89.910346,35.931613
75,WALGREENS - 7226,VANCOUVER,WA,98664,-122.572493,45.621538
76,KROGER,CHILLICOTHE,OH,45601,-82.974293,39.354351
77,CVS - 7538,HONEA PATH,SC,29654,-82.385681,34.444728
78,WAL-MART SUPERCENTER - 2613,BUCYRUS,OH,44820,-82.946365,40.810087
79,WAL-MART SUPERCENTER - 1676,TELL CITY,IN,47586,-86.752691,37.928113
80,CVS - 1627,CARLISLE,PA,17013,-77.172248,40.200632
81,CVS - 7341,SAN ANTONIO,TX,78251,-98.666151,29.483786
82,DUANE READE,HACKENSACK,NJ,7601,-74.058603,40.884117
83,WALGREENS - 3627,ALTON,IL,62002,-90.149993,38.902897
84,CVS - 5449,PLAINFIELD,IL,60585,-88.204884,41.666948
85,SUPER STOP AND SHOP - 0014,PEMBROKE,MA,2359,-70.770541,42.106147
86,WALLY'S PHARMACY,MOUNT AIRY,NC,27030,-80.610506,36.487064
87,COSTCO,DANVERS,MA,1923,-70.97712,42.557074
88,HY-VEE,STORM LAKE,IA,50588,-95.203246,42.653309
89,LEWIS RX,SIOUX FALLS,SD,57108,-96.726294,43.488905
90,WALGREENS - 4962,BRANDON,FL,33511,-82.285007,27.938151
91,HODGES AND SARGENT PHARMACY,LAMPASAS,TX,76550,-98.183331,31.065956
92,MERCY HEALTH PARTNERS WOLF LAKE PHARMACY,MUSKEGON,MI,49442,-86.110045,43.233174
93,DEAL DRUGS,NASHVILLE,TN,37211,-86.72247,36.076142
94,WALGREENS - 1081,HEMET,CA,92545,-117.007319,33.728821
95,VINTAGE PHARMACY AND SPECIALTY COMPOUNDING,THE VILLAGES,FL,32159,-81.938098,28.916439
96,SAFEWAY,VANCOUVER,WA,98662,-122.553627,45.678761
97,RITE AID - 11370,CREEDMOOR,NC,27522,-78.722459,36.144309
98,CVS - 8076,ROCHESTER HILLS,MI,48309,-83.194778,42.681291
99,FRED'S - 2355,MONROE,LA,71201,-92.115336,32.525044
100,WALGREENS - 7931,PALM HARBOR,FL,34684,-82.738832,28.095294
101,RITE AID - 843,SOMERDALE,NJ,8083,-75.032756,39.84971
102,QUICK DRUGS,STATEN ISLAND,NY,10301,-74.078459,40.638125
103,KMART,OAK LAWN,IL,60453,-87.724003,41.719145
104,WALGREENS - 5897,POWDER SPRINGS,GA,30127,-84.676398,33.863926
105,WILKINSON PHARMACY,CARTHAGE,MO,64836,-94.319233,37.16264
106,RITE AID - 11543,HICKORY,NC,28602,-81.358142,35.691865
107,WALGREENS - 9181,RICHMOND,VA,23233,-77.621725,37.620718
108,RITE AID - 3788,SILVER SPRING,MD,20906,-77.077647,39.081966
109,WOODRUFFS DRUGS,BRIDGETON,NJ,8302,-75.234,39.42989
110,CVS - 691,NEWINGTON,CT,6111,-72.72323,41.695679
111,WATTSVILLE DRUGS,LAURENS,SC,29360,-81.999659,34.519043
112,MCKENZIE MANSFIELD PHARMACY SERVICES,STONE MOUNTAIN,GA,30083,-84.197078,33.78565
113,WALGREENS - 6331,SPRINGFIELD,PA,19064,-75.311641,39.925213
114,PURDY COSTLESS PHARMACY,GIG HARBOR,WA,98329,-122.659608,47.387516
115,RITE AID - 10216,TAUNTON,MA,2780,-71.067225,41.906319
116,WAL-MART SUPERCENTER - 5123,COLORADO SPRINGS,CO,80920,-104.725345,38.942711
117,SETON HEALTH MART PHARMACY,JACKSONVILLE,FL,32204,-81.689535,30.308176
118,WALGREENS - 10197,MERIDIAN,ID,83642,-116.432874,43.619833
119,FORT RUCKER - UNITED STATES ARMY AEROMEDICAL CENTER-DOD,FORT RUCKER,AL,36362,-85.727904,31.326034
120,PRICE CHOPPER - 437,HARRISONVILLE,MO,64701,-94.360157,38.652703
121,"S R AHMAD, INC",WATERLOO,NY,13165,-76.863558,42.904927
122,RITE AID - 10705,WOODSTOCK,NY,12498,-74.113152,42.039059
123,CHARLIES PHARMACY,PINEVILLE,WV,24874,-81.539673,37.583004
124,PHILLIPS PHARMACY INC,SAINT MARYS,WV,26170,-81.206715,39.390583
125,GIANT EAGLE,BUTLER,PA,16001,-79.904732,40.899626
126,RITE AID - 5644,SAN DIEGO,CA,92103,-117.159997,32.746282
127,WALGREENS - 6478,MERRIAM,KS,66202,-94.687508,39.02183
128,COLUMBIA PHARMACY,COLUMBIA,NC,27925,-76.253174,35.917779
129,HOMETOWN PHARMACY,HOT SPRINGS,AR,71913,-93.103121,34.493481
130,CVS - 8967,OTTSVILLE,PA,18942,-75.175096,40.492169
131,MODERNHEALTH PHARMACY,MONROVIA,CA,91016,-117.999167,34.139846
132,WEIS MARKETS,NEWTON,NJ,7860,-74.746131,41.063539
133,COSTCO,MEMPHIS,TN,38125,-89.797663,35.045733
134,ABSORBENT SPECIALTY PRODUCTS,PAWTUCKET,RI,2861,-71.365447,41.884573
135,CVS - 5750,WINCHESTER,VA,22603,-78.175012,39.207669
136,ALEXANDER'S DRUG STORE,FENNVILLE,MI,49408,-86.103315,42.594454
137,CARLISLE DRUG HEALTH MART PHARMACY,ALEXANDER CITY,AL,35010,-85.953547,32.94471
138,BEST VALUE DRUG AND COMPOUNDING CENTER,FARMVILLE,NC,27828,-77.584901,35.597909
139,PUBLIX - 00129,BRANDON,FL,33510,-82.27923,27.958655
140,WALGREENS - 10502,SOUTH SIOUX CITY,NE,68776,-96.425957,42.469187
141,WILLIAMS SNYDER DRUG,WEBSTER CITY,IA,50595,-93.819895,42.469653
142,HEALTH PLUS PHARMACY,MIRAMAR,FL,33025,-80.261958,25.980196
143,WALGREENS - 9773,ALBUQUERQUE,NM,87123,-106.533186,35.071455
144,LIFECHEK MONTGOMERY PARTNERS LTD,DEL RIO,TX,78840,-100.893683,29.374588
145,BAYA PHARMACY WEST,LAKE CITY,FL,32055,-82.657362,30.184353
146,MARTIN COLLEY DRUGS,ENTERPRISE,AL,36330,-85.835696,31.326166
147,CVS - 605,LEESBURG,FL,34748,-81.888348,28.828199
148,WAL-MART SUPERCENTER - 2100,CHEBOYGAN,MI,49721,-84.482383,45.626087
149,CVS - 7997,TIFFIN,OH,44883,-83.206772,41.110701
150,LONGS DRUGS - 9663,KAHULUI,HI,96732,-156.465177,20.891016
151,RITE AID - 3310,DERRY,NH,3038,-71.31403,42.874838
152,WAL-MART - 3322,PEWAUKEE,WI,53072,-88.228198,43.087808
153,MOUNT CARMEL PHARMACY,BRONX,NY,10458,-73.884298,40.854273
154,SHAW'S OSCO PHARMACY - 7579,HYDE PARK,MA,2136,-71.126116,42.251858
155,"WOOLMARKET PHARMACY, INCORPORATED",BILOXI,MS,39532,-88.970219,30.473272
156,SMITH'S MARKETPLACE,LOGAN,UT,84321,-111.832761,41.745633
157,COSTCO,HOUSTON,TX,77027,-95.439336,29.734838
158,COSTCO,BILLINGS,MT,59102,-108.573262,45.753042
159,CVS - 4209,AUGUSTA,GA,30909,-82.065957,33.469865
160,CVS - 3095,MONTGOMERY,AL,36116,-86.196394,32.340163
161,WALGREENS - 3618,LOUISVILLE,KY,40220,-85.598903,38.210772
162,A AND P,VERNON,NJ,7462,-74.483317,41.194466
163,CVS - 8,SHREWSBURY,MA,1545,-71.745388,42.275592
164,NEIGHBORCARE - MARIS GROVE,GLEN MILLS,PA,19342,-75.529794,39.879394
165,WALGREENS - 1096,CHICAGO,IL,60613,-87.648445,41.948585
166,JEWEL-OSCO - 3424,WAUKEGAN,IL,60087,-87.857102,42.409143
167,RITE AID - 11861,COLUMBUS,GA,31906,-84.958099,32.470119
168,DARLINGTON PHARMACY,DARLINGTON,MD,21034,-76.202701,39.641048
169,CVS - 228,WOODBURY,NJ,8096,-75.14783,39.842531
170,SAVE MART - 601,CARMICHAEL,CA,95608,-121.325627,38.649779
171,CVS - 3923,JACKSONVILLE,FL,32257,-81.606231,30.172176
172,JEWEL-OSCO - 3302,CHICAGO,IL,60609,-87.682757,41.827806
173,ALBERTSONS - 4147,PLANO,TX,75074,-96.666484,33.032482
174,BARNAS DRUG,WILBER,NE,68465,-96.961619,40.481578
175,LANSDOWNE PHARMACY,LEESBURG,VA,20176,-77.478495,39.078257
176,ALGOOD DRUGS,COOKEVILLE,TN,38506,-85.457687,36.183415
177,KMART,BURLINGTON,IA,52601,-91.139458,40.816246
178,WALGREENS - 6281,DRAPER,UT,84020,-111.853605,40.528383
179,WALGREENS - 5801,LA PLACE,LA,70068,-90.501435,30.072666
180,URBAN INDEPENDENT PHARMACY,DALLAS,TX,75228,-96.696239,32.791957
181,NGUYEN'S PHARMACY,SEATTLE,WA,98144,-122.316112,47.5997
182,SENIOR RX CARE OF PHARMACY,TOPEKA,KS,66603,-95.672194,39.05105
183,RITE AID - 10385,DANBURY,CT,6811,-73.455193,41.412621
184,CVS - 9309,FORT MOHAVE,AZ,86426,-114.597582,35.019118
185,DUANE READE,NEW YORK,NY,10023,-73.982485,40.771307
186,GROVE PARK PHARMACY,ORANGEBURG,SC,29115,-80.859709,33.514791
187,TARGET,MARLBOROUGH,MA,1752,-71.606917,42.360118
188,WAL-MART NEIGHBORHOOD MARKET - 2878,OKLAHOMA CITY,OK,73139,-97.531276,35.364376
189,PENOBSCOT COUNTY METRO TREATMENT CENTER,BANGOR,ME,4401,-68.741192,44.836855
190,WEIS,MARTINSBURG,WV,25404,-77.956716,39.46992
191,WINN-DIXIE - 1588,DESTREHAN,LA,70047,-90.362331,29.985968
192,MURDOCH DEVELOPMENTAL CENTER,BUTNER,NC,27509,-78.735595,36.149195
193,CVS - 4469,TALLAHASSEE,FL,32304,-84.313157,30.448421
194,PENNSWOOD VILLAGE PHARMACY,NEWTOWN,PA,18940,-74.938405,40.206107
195,BEACH PROFESSIONAL PHARMACY,HUNTINGTON BEACH,CA,92647,-117.987736,33.704473
196,DOMINICK'S,CHICAGO,IL,60614,-87.65333,41.925119
197,WALGREENS - 7482,LOS ANGELES,CA,90047,-118.309506,33.988164
198,CVS - 2046,NORRISTOWN,PA,19401,-75.340264,40.11785
199,CVS - 9861,REDLANDS,CA,92374,-117.203964,34.063337
200,RITE AID - 5332,OREGON CITY,OR,97045,-122.598615,45.367257
201,HEALTH CARE PHARMACIES INC,EAGLE RIVER,WI,54521,-89.251578,45.91567
202,WALGREENS - 5137,SPRINGFIELD,IL,62703,-89.649231,39.786504
203,SHAW'S-OSCO - 7518,WILLISTON,VT,5495,-73.108322,44.446827
204,NORTH PUBLIC HEALTH CENTER,SEATTLE,WA,98133,-122.334971,47.705584
205,WALGREENS - 10324,SEWELL,NJ,8080,-75.068945,39.742518
206,D AND W FRESH MARKET - 1591,GRAND RAPIDS,MI,49525,-85.589372,43.001283
207,THE GREATER FALLS PHARMACY,BELLOWS FALLS,VT,5101,-72.450323,43.1336
208,XPRESS CARE PHARMACY - 1,AVONDALE,AZ,85392,-112.33731,33.463354
209,SUPER STOP AND SHOP - 0546,PORT WASHINGTON,NY,11050,-73.701256,40.837919
210,PLAZA PHARMACY,HAWTHORNE,CA,90250,-118.352213,33.925028
211,RITE AID - 10136,ROCKPORT,MA,1966,-70.627097,42.655042
212,FINKSBURG PHARMACY,FINKSBURG,MD,21048,-76.911537,39.517237
213,SEBRING PHARMACY,SEBRING,FL,33870,-81.506642,27.54344
214,WALGREENS - 7460,ORLANDO,FL,32837,-81.423652,28.409657
215,RITE AID - 11750,JASPER,GA,30143,-84.428305,34.468354
216,JEFFERSON METRO PHARMACY,BIRMINGHAM,AL,35214,-86.864834,33.552891
217,CENTRAL PHARMACY,ELIZABETH,PA,15037,-79.837335,40.271824
218,CVS - 9086,EL CERRITO,CA,94530,-122.299971,37.899325
219,SUPER STOP AND SHOP - 0852,UNION,NJ,7083,-74.265636,40.698243
220,FOOD PYRAMID,BARTLESVILLE,OK,74006,-95.937485,36.712788
221,FRONTIER PHARMACY,BIG PINEY,WY,83113,-110.115219,42.53864
222,ZOSS DRUG,MINNETONKA,MN,55345,-93.463791,44.906356
223,FRED'S - 2255,MONTEAGLE,TN,37356,-85.853637,35.237532
224,ROSEBUD COMPREHENSIVE HEALTH CENTER,ROSEBUD,SD,57570,-100.850507,43.25667
225,WALGREENS - 7526,MARIETTA,GA,30067,-84.466544,33.924728
226,CVS - 9322,SACRAMENTO,CA,95825,-121.413193,38.573306
227,SCHNUCKS,WENTZVILLE,MO,63385,-90.873612,38.814407
228,KROGER,DURHAM,NC,27713,-78.921234,35.949603
229,CLOVERDALE PHARMACY,CLOVERDALE,CA,95425,-123.016745,38.792209
230,SAFEWAY,KAILUA KONA,HI,96740,-155.990008,19.6469
231,LEWIS DRUG STORE,ROSEDALE,MS,38769,-91.028322,33.853421
232,MIDWAY PHARMACY - LEITCHFIELD,LEITCHFIELD,KY,42754,-86.288485,37.472783
233,WINN-DIXIE - 77,SAINT AUGUSTINE,FL,32084,-81.32625,29.879941
234,EXPRESS SCRIPTS,TROY,NY,12180,-73.687056,42.737654
235,NORTH SHORE PHARMACY,WAKEFIELD,MA,1880,-71.049766,42.518293
236,FARMACIA ARLEEN,CAGUAS,PR,725,-66.049678,18.215391
237,BENNETTS PHARMACY,GREENSBORO,NC,27401,-79.785859,36.08871
238,RITE AID - 5240,BELLINGHAM,WA,98226,-122.484172,48.784698
239,CVS - 2942,CHICAGO,IL,60614,-87.639121,41.918148
240,WAL-MART - 2896,DERBY,CT,6418,-73.05226,41.313612
241,HEALTH RX,YONKERS,NY,10701,-73.884169,40.968199
242,HEB - 558,FRIENDSWOOD,TX,77546,-95.190886,29.505425
243,HARRY S TRUMAN MEMORIAL VETERAN'S HOSPITAL,COLUMBIA,MO,65201,-92.328832,38.936672
244,PARADIS SHOP N SAVE,CARIBOU,ME,4736,-68.008612,46.86127
245,REASOR'S,BROKEN ARROW,OK,74012,-95.777374,36.062341
246,WALGREENS - 2850,CRANSTON,RI,2910,-71.442712,41.781658
247,HERBAY PHARMACY NORTH,OXNARD,CA,93030,-119.143095,34.215686
248,KROGER,THE COLONY,TX,75056,-96.893754,33.09802
249,DUANE READE,NEW YORK,NY,10011,-73.999667,40.732973
250,YORK HEALTH MART PHARMACY,MC LEANSBORO,IL,62859,-88.535971,38.092698
251,WALGREENS - 5184,BOISE,ID,83704,-116.31361,43.63446
252,PICK N SAVE - 6873,CUDAHY,WI,53110,-87.86191,42.93835
253,WALGREENS - 5523,JENKINTOWN,PA,19046,-75.123088,40.106825
254,TOM THUMB,ADDISON,TX,75001,-96.85352,32.93857
255,WALGREEN HASTINGS CO,RUIDOSO,NM,88345,-105.629034,33.323694
256,WAL-MART SUPERCENTER - 143,BENTON,KY,42025,-88.360399,36.869669
257,ACME-SAVON - 7998,RUNNEMEDE,NJ,8078,-75.059326,39.849178
258,SHOPKO,LINCOLN,NE,68521,-96.678335,40.846381
259,ALBERTSONS-SAVON - 6342,WOODLAND HILLS,CA,91367,-118.625008,34.185468
260,WALGREENS - 12335,MESA,AZ,85209,-111.6006,33.378492
261,BATTLE GROUND PHARMACY,BATTLE GROUND,WA,98604,-122.545056,45.77927
262,CVS - 5692,CARTERSVILLE,GA,30120,-84.793,34.16739
263,RITE AID - 11779,PEACHTREE CITY,GA,30269,-84.591744,33.396363
264,CVS - 1384,ALEXANDRIA,VA,22304,-77.133635,38.811491
265,DRUG LOFT PHARMACY,NEW YORK,NY,10029,-73.953568,40.78847
266,CVS - 4684,DECATUR,GA,30032,-84.253048,33.737488
267,KING KULLEN,MOUNT SINAI,NY,11766,-73.031619,40.931148
268,WAL-MART SUPERCENTER - 3206,LIMA,OH,45804,-84.059838,40.728857
269,1960 PHARMACY,HOUSTON,TX,77090,-95.442202,30.018872
270,WALGREENS - 6807,SACRAMENTO,CA,95841,-121.348579,38.660326
271,MEDNOW SAINT ALPHONSUS REGIONAL OUTPATIENT PHARMACY,BOISE,ID,83706,-116.254854,43.613155
272,VONS,INGLEWOOD,CA,90301,-118.349182,33.96026
273,WALGREENS - 1479,MAPLE GROVE,MN,55311,-93.49289,45.12794
274,WALGREENS - 5918,FLINT,MI,48507,-83.652683,42.989562
275,PONDERS MOUNTAIN PHARMACY,BRYANT,AL,35958,-85.616147,34.853386
276,COBORN'S,GLENCOE,MN,55336,-94.132558,44.771518
277,HY-VEE,FREMONT,NE,68025,-96.487064,41.452917
278,NEWBERN DISCOUNT DRUG,NEWBERN,TN,38059,-89.278249,36.110006
279,WEISE PRESCRIPTION SHOP AND WELLNESS CENTER,JACKSONVILLE,FL,32210,-81.716841,30.280117
280,ALBERTSONS - 4262,BEDFORD,TX,76022,-97.150368,32.836982
281,PUBLIX - 00707,KISSIMMEE,FL,34741,-81.418254,28.308809
282,LARK DRUGS PHARMACY INCORPORATED,GUERNEVILLE,CA,95446,-122.998084,38.501692
283,MOORESVILLE PHARMACY,MOORESVILLE,NC,28117,-80.853323,35.541997
284,SHOPPERS,MANASSAS,VA,20109,-77.519408,38.786089
285,DE LA STAR PHARMACY,BURBANK,CA,91506,-118.327427,34.174597
286,CVS - 4114,COLUMBIA,SC,29204,-80.994555,34.041286
287,WESTCHASE COMPOUNDING PHARMACY,TAMPA,FL,33626,-82.634988,28.066905
288,COLE CAMP HEALTH MART PHARMACY,COLE CAMP,MO,65325,-93.202803,38.459919
289,FREMONT PHARMACY,FREMONT,NC,27830,-77.974477,35.54417
290,INGLES MARKETS - 49,WEST UNION,SC,29696,-83.045573,34.754638
291,FOBI COMPREHENSIVE PHARMACY,LOS ANGELES,CA,90018,-118.313849,34.032376
292,CVS - 5789,SUWANEE,GA,30024,-84.074703,34.064056
293,DUNCANSVILLE PHARMACY INCORPORATED,DUNCANSVILLE,PA,16635,-78.435684,40.423024
294,BROWN GARDINER DRUG COMPANY,GREENSBORO,NC,27408,-79.788336,36.10185
295,CVS - 2796,CLARK,NJ,7066,-74.297401,40.619245
296,COMMUNITY PHARMACY,TURBEVILLE,SC,29162,-80.021937,33.88997
297,RITE AID - 10386,FAIRFIELD,CT,6824,-73.260288,41.140378
298,KASSEL PHARMACY,QUEENS VILLAGE,NY,11428,-73.736923,40.718129
299,CVS - 7580,SMITHFIELD,NC,27577,-78.316003,35.518059
300,CVS - 6841,WICHITA FALLS,TX,76302,-98.493454,33.877745
301,MCDANIEL PHARMACY,PORT GIBSON,MS,39150,-90.985613,31.957269
302,USA DRUG,IRONTON,MO,63650,-90.628014,37.606708
303,ALBERTSONS-SAVON - 1006,EL PASO,TX,79903,-106.42667,31.782526
304,USA DRUG,DESLOGE,MO,63601,-90.512481,37.880715
305,WAL-MART - 2112,SCOTTSDALE,AZ,85251,-111.889226,33.508043
306,CVS - 5045,SCHENECTADY,NY,12303,-73.938423,42.790274
307,MORRIS DRUG COMPANY,PEARSON,GA,31642,-82.849226,31.306806
308,DUANE READE,NEW YORK,NY,10024,-73.975654,40.789836
309,RITE AID - 10817,LOCKPORT,NY,14094,-78.697787,43.154501
310,WALGREENS-LONG TERM CARE PHARMACY,RIVERVIEW,FL,33578,-82.344763,27.913253
311,DREXLER DRUGS,CHICAGO,IL,60628,-87.642781,41.696754
312,WALGREENS - 10941,BROOKLYN,NY,11226,-73.949281,40.650566
313,WAL-MART NEIGHBORHOOD MARKET - 4415,EL PASO,TX,79907,-106.345068,31.728529
314,WAL-MART - 2418,PLACERVILLE,CA,95667,-120.829048,38.70397
315,RITE AID - 3491,DAMARISCOTTA,ME,4543,-69.522675,44.031322
316,SAM'S CLUB - 6387,PINELLAS PARK,FL,33781,-82.734801,27.840766
317,WALGREENS - 6986,AURORA,CO,80012,-104.864445,39.71155
318,KROGER,NORCROSS,GA,30093,-84.199693,33.90333
319,WAL-MART SUPERCENTER - 3262,CAMBRIDGE,OH,43725,-81.576678,39.989374
320,WALGREENS - 1159,VERONA,WI,53593,-89.534239,42.990833
321,ADVOCATE GOOD SHEPHERD HOSPITAL,BARRINGTON,IL,60010,-88.173095,42.195845
322,CITY MARKET,GRAND JUNCTION,CO,81501,-108.571768,39.08492
323,THOMAS PHARMACY,LAUREL,MS,39440,-89.132682,31.691018
324,BILLINGS CLINIC,BILLINGS,MT,59102,-108.594257,45.786516
325,TARGET,STATEN ISLAND,NY,10309,-74.232642,40.52875
326,AURORA PHARMACY INC,PHILLIPS,WI,54555,-90.394273,45.687264
327,CVS - 9809,CARMICHAEL,CA,95608,-121.347485,38.618759
328,WALGREENS - 5535,HOT SPRINGS VILLAGE,AR,71909,-93.058503,34.657019
329,TARGET,WORCESTER,MA,1605,-71.774539,42.292023
330,LUKAS PHARMACY,LYNCHBURG,OH,45142,-83.792036,39.242866
331,CVS - 6726,HOUSTON,TX,77024,-95.485371,29.782996
332,WAL-MART SUPERCENTER - 1424,COLONIAL HEIGHTS,VA,23834,-77.386351,37.245775
333,SAFEWAY,AURORA,CO,80016,-104.724781,39.57577
334,GALAXY RX,BRONX,NY,10465,-73.830667,40.831144
335,ACME - 2,AKRON,OH,44312,-81.442776,41.047806
336,SAM'S CLUB - 4755,HONOLULU,HI,96814,-157.842968,21.294753
337,WALGREENS - 9998,BOSSIER CITY,LA,71111,-93.711,32.56611
338,WARTBURG PHARMACY INC,WARTBURG,TN,37887,-84.594587,36.104577
339,PAMIDA - 74,CLARE,MI,48617,-84.766195,43.80435
340,WALGREENS - 5117,JENISON,MI,49428,-85.79113,42.906568
341,SAFEWAY,PUEBLO,CO,81008,-104.616701,38.299124
342,WALGREENS - 252,CHICAGO,IL,60645,-87.690799,42.017968
343,VONS,MURRIETA,CA,92563,-117.138548,33.554312
344,LINCARE,FLOWOOD,MS,39232,-90.091815,32.331649
345,PUBLIX - 00465,ORLANDO,FL,32825,-81.27078,28.510793
346,MED CENTER DISCOUNT PHARMACY,MAGEE,MS,39111,-89.72918,31.87083
347,WALGREENS - 9759,WILLIAMSVILLE,NY,14221,-78.754749,42.960681
348,WHITEMAN AIR FORCE BASE - 509TH MEDICAL GROUP PHARMACY-DOD,WHITEMAN AIR FORCE BASE,MO,65305,-93.571486,38.728636
349,RITE AID - 4112,OLD ORCHARD BEACH,ME,4064,-70.378299,43.515902
350,SUPER D EXPRESS,LEXINGTON,TN,38351,-88.397393,35.653324
351,SUPER STOP AND SHOP - 0499,AMESBURY,MA,1913,-70.910691,42.847832
352,WALGREENS - 7889,MIAMI,OK,74354,-94.876849,36.885896
353,FREDS STORES OF TENNESSEE INC,BELZONI,MS,39038,-90.489072,33.181964
354,CREIGHTON UNIVERSITY MEDICAL CENTER,OMAHA,NE,68131,-95.954469,41.265074
355,CVS - 3957,JACKSONVILLE,FL,32225,-81.460607,30.318754
356,REDFORD DISCOUNT PHARMACY,REDFORD,MI,48240,-83.297964,42.434035
357,CVS - 6662,MIDDLETOWN,IN,47356,-85.536742,40.062078
358,SAN JACINTO PHARMACY,SAN JACINTO,CA,92583,-116.958685,33.783694
359,HULEN PHARMACY,FORT WORTH,TX,76133,-97.40001,32.657421
360,UPSTATE PHARMACY CROSS CREEK,GREENVILLE,SC,29605,-82.411293,34.813708
361,WAL-MART SUPERCENTER - 2192,HOUGHTON,MI,49931,-88.588278,47.106442
362,SNYDER DRUG,GREAT FALLS,MT,59401,-111.26312,47.512486
363,TARGET,ANCHORAGE,AK,99504,-149.734115,61.229518
364,NEWARK COMMUNITY PHARMACY,NEWARK,NJ,7104,-74.158553,40.775462
365,MANOR PHARMACY,NEW CASTLE,DE,19720,-75.581531,39.68925
366,WALGREENS - 2335,NAPERVILLE,IL,60565,-88.130905,41.72986
367,LINDBURG MEDICAL,RONAN,MT,59864,-114.07159,47.531002
368,HARRIS TEETER - 27,CHARLOTTE,NC,28277,-80.806806,35.036361
369,WELL LIFE BOUNDARY PHARMACY,BONNERS FERRY,ID,83805,-116.325388,48.680649
370,RITE AID - 1658,WILMINGTON,DE,19801,-75.559583,39.743493
371,CVS - 1876,BOSTON,MA,2215,-71.11617,42.350594
372,CVS - 8833,SAN DIEGO,CA,92123,-117.13992,32.803187
373,CVS - 4435,FAYETTEVILLE,NC,28304,-79.060938,35.02956
374,BELLA VISTA PHARMACY,MONTEREY PARK,CA,91754,-118.143925,34.040129
375,CVS - 7651,LAFAYETTE,IN,47905,-86.846578,40.418152
376,WALGREENS - 10612,HARRIMAN,TN,37748,-84.544499,35.892211
377,KMART,YAKIMA,WA,98901,-120.469411,46.583189
378,OHIO UNIVERSITY STUDENT HEALTH SERVICE PHARMACY,ATHENS,OH,45701,-82.098858,39.328277
379,REALO DISCOUNT DRUGS,NEW BERN,NC,28562,-77.097558,35.095159
380,WILLIAMSPORT PHARMACY,WILLIAMSPORT,MD,21795,-77.821459,39.600164
381,ALBERTSONS,SARASOTA,FL,34243,-82.50325,27.390197
382,WAL-MART SUPERCENTER - 2634,GORHAM,NH,3581,-71.194046,44.426755
383,WALGREENS - 4852,BETHLEHEM,PA,18017,-75.399529,40.641056
384,CVS - 3313,WEST SAINT PAUL,MN,55118,-93.081317,44.902084
385,SAFEWAY,FAIRFAX,VA,22031,-77.260974,38.871334
386,JEFFRY J LANGFORD,WASHBURN,WI,54891,-90.893075,46.671598
387,KING SOOPERS,BENNETT,CO,80102,-104.435803,39.742998
388,BENBROOK HEALTH MART PHARMACY,BUTLER,PA,16001,-79.96823,40.865315
389,PUBLIX - 00501,APOPKA,FL,32712,-81.507617,28.707276
390,SAFEWAY,RAPID CITY,SD,57701,-103.230898,44.064993
391,CVS - 9294,PEORIA,AZ,85382,-112.255723,33.653244
392,MEIJER,KETTERING,OH,45440,-84.132551,39.685428
393,COUNTRY VALU PHARMACY,NORTH BRANCH,MN,55056,-92.977949,45.511206
394,CVS - 9110,FALLBROOK,CA,92028,-117.254595,33.372681
395,MOCCASIN BEND MENTAL HEALTH INSTITUTE,CHATTANOOGA,TN,37405,-85.335518,35.025941
396,ONCOLOGY CONSULTANTS PHARMACY,HOUSTON,TX,77024,-95.544652,29.781777
397,STOWE'S FAMILY PHARMACY,COLUMBIA,SC,29209,-80.939615,33.975228
398,WAL-MART - 208,BAXTER SPRINGS,KS,66713,-94.737301,37.006237
399,HANS PHARMACY,SANTA CLARA,CA,95051,-121.98998,37.352748
400,SAV-REX DRUGS,PASCAGOULA,MS,39567,-88.55793,30.366995
401,MORGAN COUNTY APPALACHIAN REGIONAL HEALTHCARE PHARMACY,WEST LIBERTY,KY,41472,-83.265496,37.919998
402,WALGREENS - 12657,CAROLINA,PR,979,-66.014777,18.442477
403,RITE AID - 3926,HENDERSON,KY,42420,-87.586294,37.843942
404,CVS - 8535,GREEN BAY,WI,54301,-88.025099,44.481023
405,BROWNS ALTURAS PHARMACY,ALTURAS,CA,96101,-120.542659,41.483039
406,GIANT,LANCASTER,PA,17603,-76.340594,40.03674
407,WALGREENS - 10380,CANANDAIGUA,NY,14424,-77.268186,42.878896
408,NORTHWEST GEORGIA TREATMENT CENTER,FORT OGLETHORPE,GA,30742,-85.259768,34.949638
409,SMARTHEALTH PHARMACY,BROOKLYN,NY,11209,-74.024844,40.620926
410,WALGREENS - 7262,RIVERSIDE,CA,92506,-117.39607,33.952962
411,CVS - 9115,SAN DIEGO,CA,92154,-117.091376,32.584624
412,WALT CHURCHHILL'S MARKET,PERRYSBURG,OH,43551,-83.635632,41.5391
413,B AND B HEALTH MART PHARMACY,BRUSH,CO,80723,-103.635771,40.253996
414,WAL-MART SUPERCENTER - 329,ANNISTON,AL,36206,-85.820071,33.720135
415,CENTRAL PHARMACY,LAKE VIEW,SC,29563,-79.166163,34.345273
416,VALUE DRUGS,ALLEGAN,MI,49010,-85.849586,42.531337
417,TMC PHARMACY INC,TAHLEQUAH,OK,74464,-94.948495,35.915057
418,US 25W PHARMACY,CORBIN,KY,40701,-84.113214,36.924029
419,PRESCOTT INTRAVENOUS CARE INCORPORATED,PRESCOTT,AZ,86305,-112.485442,34.56023
420,DUNAWAYS IMPERIAL PHARMACY,HENDERSON,KY,42420,-87.591947,37.842001
421,VONS,SAN DIEGO,CA,92129,-117.124939,32.957907
422,CVS - 1406,MANASSAS,VA,20110,-77.466856,38.755316
423,PUBLIX - 00663,BRANDON,FL,33511,-82.32362,27.921322
424,WAL-MART SUPERCENTER - 3786,BUFORD,GA,30519,-83.921964,34.078385
425,SETON PHARMACY,ORANGE PARK,FL,32073,-81.701918,30.161212
426,MARTIN'S,DUBOIS,PA,15801,-78.755853,41.119089
427,KMART,CHILLICOTHE,OH,45601,-82.979335,39.365644
428,FARMACIA BELLO,AGUADILLA,PR,603,-67.154592,18.430855
429,F AND M DRUG HEALTH MART PHARMACY,ELLSWORTH,KS,67439,-98.230194,38.729822
430,WAL-MART SUPERCENTER - 653,HOPKINSVILLE,KY,42240,-87.469382,36.830096
431,KMART,ELIZABETHTOWN,KY,42701,-85.884933,37.736504
432,SCHNUCKS,SAINT LOUIS,MO,63144,-90.350169,38.611222
433,FLORENCE PHARMACY AND MEDICAL SUPPLIES,LOS ANGELES,CA,90001,-118.24907,33.97452
434,WAL-MART - 2681,LITTLETON,NH,3561,-71.798552,44.304638
435,BENTLEY DRUG,PRINCETON,WI,54968,-89.128924,43.850268
436,VILAS PHARMACY,GETTYSBURG,SD,57442,-99.955263,45.011687
437,ADVANCED CARE PHARMACY SERVICES - NEW CENTER,DETROIT,MI,48208,-83.108751,42.357623
438,RITE AID - 2756,LYONS,NY,14489,-76.995997,43.059199
439,CVS - 3252,CONSHOHOCKEN,PA,19428,-75.301224,40.078294
440,WINN DIXIE - 1581,ZACHARY,LA,70791,-91.150619,30.650637
441,RALPHS,HUNTINGTON BEACH,CA,92648,-118.00788,33.685314
442,KROGER,MARIETTA,GA,30064,-84.581379,33.953372
443,NESHAMINY PHARMACY,BENSALEM,PA,19020,-74.934075,40.144688
444,WAL-MART SUPERCENTER - 2771,MONTICELLO,IN,47960,-86.781485,40.747891
445,SPRING HILL PHARMACY,GRASS VALLEY,CA,95945,-121.046149,39.230334
446,WALGREENS - 11542,CHARLESTON,IL,61920,-88.185633,39.485033
447,HOME TOWN HEALTH MART PHARMACY,BROOKWOOD,AL,35444,-87.315316,33.261598
448,FRED'S - 2275,MEMPHIS,TN,38134,-89.866452,35.172187
449,FRED'S - 2110,KOSCIUSKO,MS,39090,-89.599885,33.065926
450,THE MEDICAP PHARMACY,NORWALK,IA,50211,-93.674727,41.491082
451,CVS - 6359,ALCOA,TN,37701,-83.971756,35.764242
452,LANDIS DISCOUNT DRUGS INC,WEST ALEXANDRIA,OH,45381,-84.53189,39.74416
453,GIANT - 0301,SILVER SPRING,MD,20906,-77.078754,39.079613
454,PRIORITY PHARMACY,SAN DIEGO,CA,92103,-117.161959,32.749146
455,WALGREENS - 10388,PHOENIXVILLE,PA,19460,-75.52716,40.128403
456,LA JARA PHARMACEUTICAL CENTER INCORPORATED,LA JARA,CO,81140,-105.959798,37.27457
457,PARKVIEW PHARMACY INC,GUYMON,OK,73942,-101.481154,36.690423
458,TIMES SUPERMARKET,KAILUA,HI,96734,-157.740109,21.393937
459,PONTCHARTRAIN PHARMACY,MANDEVILLE,LA,70448,-90.049875,30.382585
460,SMITH-CALDWELL DRUG STORE,BENTON,AR,72015,-92.587008,34.567137
461,HONS SAV-ON DRUG,BATESVILLE,AR,72501,-91.636641,35.769284
462,TARGET,SAINT JOSEPH,MO,64506,-94.81171,39.815309
463,HOME CARE PHARMACY - WILLIAMSPORT,WILLIAMSPORT,MD,21795,-77.808683,39.604434
464,WAL-MART SUPERCENTER - 330,VICTORIA,TX,77904,-96.99401,28.878017
465,WAL-MART NEIGHBORHOOD MARKET - 2397,MANSFIELD,TX,76063,-97.116582,32.605159
466,SAV-ON WESTSIDE PHARMACY,LANSING,MI,48917,-84.604658,42.740125
467,WINDSOR PHARMACY,WINDSOR,VA,23487,-76.742275,36.807898
468,QOL MEDS,PHILADELPHIA,PA,19133,-75.134139,39.991118
469,CVS - 1086,TIVERTON,RI,2878,-71.190482,41.659149
470,SEEBER'S HEALTH MART PHARMACY,NEWPORT,WA,99156,-117.043851,48.178216
471,HANNAFORD,LEWISTON,ME,4240,-70.178984,44.103983
472,RALPHS,STUDIO CITY,CA,91604,-118.41317,34.14407
473,COUNTY PHARMACY,FLEMINGTON,NJ,8822,-74.856788,40.499662
474,BE WELL PHARMACY,BERKLEY,MI,48072,-83.176873,42.489187
475,RITE AID - 679,UPPER DARBY,PA,19082,-75.257529,39.95809
476,VONS,BARSTOW,CA,92311,-117.008579,34.895869
477,RITE AID - 5218,SEATTLE,WA,98121,-122.348518,47.61657
478,WALGREENS - 6764,CARPENTERSVILLE,IL,60110,-88.333902,42.118483
479,HY-VEE,DES MOINES,IA,50321,-93.642861,41.542379
480,BURKE APOTHECARY,WAYNESBORO,GA,30830,-82.013329,33.081448
481,HOLLADAY DRUG,SEASIDE,OR,97138,-123.922501,45.992894
482,THE MEDICINE SHOPPE PHARMACY,LIVERMORE,CA,94550,-121.758319,37.676975
483,EXECUTIVE PHARMACY,LAUDERHILL,FL,33351,-80.250918,26.178518
484,MARSH SUPERMARKET - 0077,LAFAYETTE,IN,47905,-86.870168,40.396519
485,WAL-MART - 1551,FRANKLIN,WI,53132,-87.951981,42.923106
486,CVS - 5689,ELLISVILLE,MO,63011,-90.585186,38.592077
487,CVS - 7183,LANDENBERG,PA,19350,-75.75026,39.807848
488,WALGREENS - 3273,HIGHLAND PARK,IL,60035,-87.80294,42.187559
489,WAL-MART SUPERCENTER - 2772,SOUTHPORT,NC,28461,-78.032313,33.942929
490,WALGREENS - 13630,LARGO,FL,33770,-82.80222,27.91401
491,WALGREENS - 2088,SAN FRANCISCO,CA,94114,-122.433711,37.750851
492,ZEEB PHARMACY,PHILIP,SD,57567,-101.66367,44.039158
493,WAL-MART SUPERCENTER - 4274,DENVER,NC,28037,-81.001413,35.4518
494,WAAS DRUG STORE,FERNANDINA BEACH,FL,32034,-81.454829,30.649857
495,ELFERS HEALTH MART PHARMACY,NEW PORT RICHEY,FL,34653,-82.713799,28.218376
496,ALAMEDA COUNTY MEDICAL CENTER FAIRMONT HOSPITAL,SAN LEANDRO,CA,94578,-122.120859,37.709072
497,SOUTH GATE ROSE PHARMACY,SANTA ANA,CA,92701,-117.867283,33.749518
498,THE MEDICINE SHOPPE PHARMACY,SAINT LOUIS,MO,63126,-90.374356,38.538579
499,BUEHLER'S BUY LOW,MOUNT CARMEL,IL,62863,-87.779943,38.409195
500,DUANE READE,HICKSVILLE,NY,11801,-73.528986,40.777452
501,RITE AID - 10362,COLCHESTER,CT,6415,-72.333488,41.575866
502,ALBERTSONS - 4198,FORT WORTH,TX,76244,-97.287475,32.929476
503,DORAL FAMILY PHARMACY,DORAL,FL,33178,-80.368716,25.807872
