ProductID,ProductName,Category,Price
101,Product 101,OTC,350.4116289303526
102,Product 102,OTC,338.53376997403063
103,Product 103,OTC,212.69996931829084
104,Product 104,OTC,183.8849926816476
105,Product 105,Prescription,345.0003720385166
106,Product 106,OTC,378.0972038954513
107,Product 107,OTC,455.4305941498508
108,Product 108,Prescription,354.1114041089225
109,Product 109,Prescription,355.7124018918122
110,Product 110,OTC,35.8141242350991
111,Product 111,OTC,305.78088888855245
112,Product 112,Supplements,473.60589830235983
113,Product 113,OTC,279.18374263291173
114,Product 114,Prescription,91.15925554605778
115,Product 115,Prescription,269.4958948251496
116,Product 116,Prescription,82.79574244573185
117,Product 117,Supplements,427.23485742906354
118,Product 118,Supplements,317.4232655995802
119,Product 119,OTC,261.21087531437826
120,Product 120,OTC,45.61473606148446
121,Product 121,Supplements,178.93545490452138
122,Product 122,Supplements,484.4363005250011
123,Product 123,Prescription,44.73815825500075
124,Product 124,Prescription,59.45940911969982
125,Product 125,OTC,205.0973715117927
126,Product 126,Prescription,178.61826202687328
127,Product 127,OTC,259.3737852781566
128,Product 128,OTC,113.18078273238184
129,Product 129,Prescription,351.92454573473736
130,Product 130,OTC,73.28811878647033
131,Product 131,Supplements,66.55330712261167
132,Product 132,Prescription,219.898727948512
133,Product 133,Prescription,434.8151440170079
134,Product 134,OTC,453.3101286536551
135,Product 135,Prescription,151.72073087119182
136,Product 136,Prescription,332.5885576470564
137,Product 137,Supplements,362.3364500221045
138,Product 138,Prescription,373.23541250553313
139,Product 139,Supplements,125.07716991912542
140,Product 140,OTC,387.7282447905646
141,Product 141,Prescription,10.14077420013054
142,Product 142,OTC,281.6633356459228
143,Product 143,Prescription,79.57487671178302
144,Product 144,OTC,8.488654184423037
145,Product 145,Prescription,23.228969060546515
146,Product 146,Prescription,70.36715315236462
147,Product 147,Prescription,277.9379568962914
148,Product 148,Prescription,233.0675491271584
149,Product 149,Prescription,309.3093087280747
150,Product 150,OTC,146.00601223660576
151,Product 151,Prescription,437.2240170792773
152,Product 152,Prescription,203.1907451397283
153,Product 153,Prescription,224.66852871458013
154,Product 154,OTC,259.5665346550305
155,Product 155,OTC,488.3378934165567
156,Product 156,OTC,425.54915162463817
157,Product 157,OTC,110.24625572896451
158,Product 158,Prescription,302.0302744632365
159,Product 159,OTC,378.2175879496901
160,Product 160,Supplements,395.2673551981743
161,Product 161,Prescription,47.39981878205763
162,Product 162,Supplements,108.05836974076334
163,Product 163,Prescription,112.60683875244612
164,Product 164,Supplements,390.278369472834
165,Product 165,OTC,372.98083909664695
166,Product 166,Prescription,443.7765959703854
167,Product 167,Supplements,447.5653623030843
168,Product 168,Prescription,474.7029217323943
169,Product 169,Supplements,53.00466983033586
170,Product 170,OTC,359.780331714068
171,Product 171,Supplements,51.43299575658573
172,Product 172,Prescription,98.48942316896368
173,Product 173,OTC,279.40203001104373
174,Product 174,Supplements,380.8494267940433
175,Product 175,Prescription,117.39752223872492
176,Product 176,OTC,381.386805244536
177,Product 177,OTC,323.78473601361213
178,Product 178,Supplements,478.7749400030097
179,Product 179,Prescription,100.02401119764605
180,Product 180,Supplements,199.83585088424945
181,Product 181,Prescription,123.5977773328419
182,Product 182,Supplements,257.4180356972364
183,Product 183,Supplements,355.99294838506177
184,Product 184,Prescription,471.3754764487924
185,Product 185,OTC,448.51906146912165
186,Product 186,Supplements,22.69700372001524
187,Product 187,Supplements,382.6463357206263
188,Product 188,Prescription,348.88656854197376
189,Product 189,Supplements,32.58170684486447
190,Product 190,Prescription,9.97542288877145
191,Product 191,Prescription,249.44831476076985
192,Product 192,Supplements,346.55934118023526
193,Product 193,OTC,407.2818163215828
194,Product 194,Prescription,36.0563503906136
195,Product 195,OTC,442.7454432729018
196,Product 196,Supplements,317.41096954691767
197,Product 197,OTC,185.57927253010388
198,Product 198,Supplements,355.20258038071904
199,Product 199,OTC,25.182156391201502
200,Product 200,OTC,54.44486664444116
201,Product 201,Supplements,340.39952648995416
202,Product 202,Supplements,53.07189346098152
203,Product 203,Prescription,459.1183023726168
204,Product 204,OTC,9.241388736735797
205,Product 205,Supplements,241.40580892460517
206,Product 206,OTC,360.819617109667
207,Product 207,Supplements,386.9168554050029
208,Product 208,Supplements,295.0715358828224
209,Product 209,OTC,421.2077530645312
210,Product 210,Supplements,404.0548654471418
211,Product 211,Supplements,263.76113064775905
212,Product 212,Supplements,261.66006018288243
213,Product 213,Supplements,443.6678416486636
214,Product 214,Prescription,467.6233644539823
215,Product 215,OTC,395.6161392398543
216,Product 216,Supplements,164.5005227980921
217,Product 217,OTC,188.3410955112448
218,Product 218,Supplements,282.4277005943088
219,Product 219,OTC,318.9328930756807
220,Product 220,Supplements,478.6287248603688
221,Product 221,Supplements,243.88874555899312
222,Product 222,Supplements,385.0419498560402
223,Product 223,Supplements,364.3811386647925
224,Product 224,Prescription,375.79637537940135
225,Product 225,Supplements,323.1967334591937
226,Product 226,Supplements,339.0160998060371
227,Product 227,OTC,70.07971291205253
228,Product 228,OTC,93.47873132563927
229,Product 229,Supplements,359.1807596905036
230,Product 230,OTC,430.0605148174981
231,Product 231,Supplements,434.7869388173525
232,Product 232,Supplements,480.24177565267007
233,Product 233,Prescription,235.5605953488873
234,Product 234,OTC,380.0184348490699
235,Product 235,Prescription,189.1009590582407
236,Product 236,Supplements,379.98972334429385
237,Product 237,Supplements,272.4897586304809
238,Product 238,Supplements,155.74728645399003
239,Product 239,OTC,485.8161677520002
240,Product 240,Prescription,478.3047675097333
241,Product 241,Prescription,401.0920592607349
242,Product 242,Supplements,379.6697423681297
243,Product 243,OTC,494.1061566796004
244,Product 244,Prescription,442.036708529845
245,Product 245,OTC,204.96047714716815
246,Product 246,OTC,46.68193590993548
247,Product 247,Prescription,151.26969377644184
248,Product 248,OTC,277.0158238190974
249,Product 249,Prescription,412.5652756048366
250,Product 250,Supplements,206.5512722212069
251,Product 251,OTC,136.21625724208812
252,Product 252,Supplements,386.3664399974959
253,Product 253,Prescription,477.7307440589436
254,Product 254,OTC,380.54183402657895
255,Product 255,Supplements,386.3699145831515
256,Product 256,OTC,305.50955299838887
257,Product 257,Prescription,307.51076313972544
258,Product 258,OTC,75.96730057778747
259,Product 259,OTC,465.7597394532612
260,Product 260,OTC,340.5076735812416
261,Product 261,Prescription,93.4616788749682
262,Product 262,Supplements,103.507017775754
263,Product 263,OTC,224.59329293796077
264,Product 264,Prescription,356.68650330429625
265,Product 265,OTC,399.4866286131248
266,Product 266,OTC,497.9011949511531
267,Product 267,OTC,138.38563968947517
268,Product 268,Prescription,190.4088856127734
269,Product 269,Prescription,452.7258868937324
270,Product 270,OTC,389.5972693941182
271,Product 271,Prescription,103.54677654591636
272,Product 272,Prescription,43.39191065250568
273,Product 273,Supplements,354.51226474661667
274,Product 274,Supplements,21.30298234577834
275,Product 275,OTC,447.0338396464675
276,Product 276,Supplements,346.02767581252124
277,Product 277,OTC,32.45076754105141
278,Product 278,OTC,413.1996805251768
279,Product 279,Supplements,329.250825579195
280,Product 280,Supplements,13.699514337184572
281,Product 281,Prescription,130.61353649381593
282,Product 282,Prescription,295.6444925539511
283,Product 283,OTC,117.65865638880472
284,Product 284,OTC,24.67214806558196
285,Product 285,Prescription,393.7158656210885
286,Product 286,OTC,200.8770566130417
287,Product 287,Prescription,304.6015654749868
288,Product 288,OTC,242.022047067551
289,Product 289,Prescription,308.32228718674685
290,Product 290,Prescription,37.02241195834483
291,Product 291,OTC,139.63410742557912
292,Product 292,Supplements,269.1433880623594
293,Product 293,Prescription,356.76626877264846
294,Product 294,Supplements,367.00851399544274
295,Product 295,Supplements,496.0783278710745
296,Product 296,Supplements,161.87774718753994
297,Product 297,Supplements,420.6339229367334
298,Product 298,OTC,378.60579239209216
299,Product 299,OTC,109.81846804238909
300,Product 300,Supplements,264.25222976287245
301,Product 301,OTC,32.08237239964525
302,Product 302,Supplements,27.31818158413295
303,Product 303,OTC,20.13921478435293
304,Product 304,Prescription,23.07975902589531
305,Product 305,Prescription,157.15492160308284
306,Product 306,OTC,174.65135139304442
307,Product 307,Prescription,365.9517207615197
308,Product 308,Supplements,205.0139872845916
309,Product 309,Supplements,128.51461680465314
310,Product 310,OTC,28.906297619367383
311,Product 311,OTC,397.0019443175104
312,Product 312,Prescription,130.662369956034
313,Product 313,Prescription,35.00550820593996
314,Product 314,OTC,338.1110264672069
315,Product 315,OTC,98.57802697000244
316,Product 316,OTC,263.39533382673534
317,Product 317,OTC,189.91409609529444
318,Product 318,OTC,459.96121572012623
319,Product 319,OTC,409.1705780164332
320,Product 320,Prescription,449.343401171674
321,Product 321,Supplements,430.382828777319
322,Product 322,Prescription,335.0095975117638
323,Product 323,Prescription,69.67921133583974
324,Product 324,Prescription,37.137824656388055
325,Product 325,Supplements,124.62947905397648
326,Product 326,Prescription,383.0438726947233
327,Product 327,OTC,81.31316265718011
328,Product 328,OTC,390.4816659027619
329,Product 329,Supplements,192.1898831935289
330,Product 330,Prescription,416.3087798910062
331,Product 331,OTC,435.0018271005096
332,Product 332,OTC,150.61766625721825
333,Product 333,OTC,494.913469445996
334,Product 334,OTC,90.96180644485828
335,Product 335,Prescription,41.7872383500285
336,Product 336,Prescription,406.55401935139406
337,Product 337,Prescription,265.3640969541601
338,Product 338,Prescription,288.01255256857456
339,Product 339,Prescription,139.67702493305595
340,Product 340,Prescription,465.83024833974537
341,Product 341,OTC,85.86982880497906
342,Product 342,Prescription,355.5510601154393
343,Product 343,Prescription,156.6427294421058
344,Product 344,Supplements,246.365161066307
345,Product 345,OTC,366.7097150168914
346,Product 346,Supplements,35.32278344552998
347,Product 347,OTC,71.74908621535002
348,Product 348,Prescription,329.4088722218424
349,Product 349,OTC,414.3103012748835
350,Product 350,Prescription,213.57537266822013
351,Product 351,OTC,289.6997177815675
352,Product 352,Supplements,40.19679945919568
353,Product 353,Supplements,372.06197254599925
354,Product 354,Prescription,167.9649132973091
355,Product 355,Prescription,122.07877212389144
356,Product 356,Prescription,80.15583971388014
357,Product 357,Supplements,183.5757482387472
358,Product 358,Supplements,187.07104382391705
359,Product 359,Supplements,152.9974677869081
360,Product 360,Prescription,419.4386174784006
361,Product 361,Supplements,46.27049345602544
362,Product 362,OTC,323.0383238171695
363,Product 363,Prescription,340.5467240433176
364,Product 364,OTC,74.74612064792298
365,Product 365,Supplements,295.9859679808368
366,Product 366,Supplements,481.6246820074329
367,Product 367,OTC,388.4277154852076
368,Product 368,OTC,260.9968031976678
369,Product 369,Supplements,229.7375772685286
370,Product 370,OTC,22.19898994474847
371,Product 371,Prescription,479.887851185625
372,Product 372,OTC,489.51358432115904
373,Product 373,Supplements,357.1652292605916
374,Product 374,Supplements,323.0409871759679
375,Product 375,Supplements,310.45871964836
376,Product 376,Supplements,438.6757691462867
377,Product 377,Prescription,27.718655875567418
378,Product 378,OTC,86.77705052808068
379,Product 379,Supplements,364.3821219508136
380,Product 380,OTC,242.5170823497754
381,Product 381,Supplements,115.09617548418228
382,Product 382,Prescription,79.3295036975642
383,Product 383,OTC,161.79667718539733
384,Product 384,Supplements,343.0143155062406
385,Product 385,Prescription,137.401199335958
386,Product 386,Supplements,239.5747419800704
387,Product 387,OTC,96.54898085901986
388,Product 388,Prescription,462.3735006023461
389,Product 389,Supplements,257.0026765011279
390,Product 390,Prescription,247.6312583829152
391,Product 391,Supplements,27.96527058967292
392,Product 392,Prescription,24.13316621893109
393,Product 393,Supplements,197.6588747577839
394,Product 394,Supplements,409.0844176418002
395,Product 395,Supplements,100.67147259369412
396,Product 396,Supplements,251.06656681018768
397,Product 397,OTC,17.15105316196365
398,Product 398,Prescription,441.8822213550367
399,Product 399,Prescription,119.77225076701691
400,Product 400,OTC,296.34173691559374
401,Product 401,Prescription,40.953001559847024
402,Product 402,OTC,156.2003033848167
403,Product 403,Prescription,293.2137449686525
404,Product 404,Prescription,30.57035242405128
405,Product 405,Prescription,140.37614782157218
406,Product 406,OTC,320.9868669518662
407,Product 407,OTC,477.46045686439766
408,Product 408,Supplements,286.2340521816921
409,Product 409,Supplements,250.26026791909737
410,Product 410,Supplements,411.5525970756759
411,Product 411,Supplements,198.8655856694324
412,Product 412,Prescription,390.0281200754866
413,Product 413,OTC,68.03743004685282
414,Product 414,Supplements,164.34130298087655
415,Product 415,Supplements,99.66869377180008
416,Product 416,Prescription,155.59001157937547
417,Product 417,Prescription,451.8545340398475
418,Product 418,Supplements,287.8129440209848
419,Product 419,OTC,88.02838740104956
420,Product 420,Supplements,287.53763041802955
421,Product 421,OTC,24.425692222494035
422,Product 422,OTC,222.83287491072875
423,Product 423,Supplements,284.5566852546437
424,Product 424,OTC,32.45139251421578
425,Product 425,Prescription,309.04032166283446
426,Product 426,Supplements,165.28659223410972
427,Product 427,OTC,49.03899798905065
428,Product 428,OTC,394.6988319960981
429,Product 429,Prescription,133.78018948780274
430,Product 430,OTC,14.680160418736229
431,Product 431,OTC,221.5248708408964
432,Product 432,Supplements,74.66821506593605
433,Product 433,OTC,34.915813585250135
434,Product 434,Supplements,168.7908513450764
435,Product 435,Prescription,279.9415342320977
436,Product 436,OTC,390.7393397652176
437,Product 437,Prescription,201.91418266648247
438,Product 438,Prescription,67.56131931896252
439,Product 439,Supplements,325.2344340138104
440,Product 440,Supplements,292.4403898743212
441,Product 441,OTC,160.1691333562003
442,Product 442,Supplements,123.8863313711062
443,Product 443,Prescription,223.57030274080768
444,Product 444,OTC,335.9117030512307
445,Product 445,Supplements,179.58469086927886
446,Product 446,Prescription,480.60111213165135
447,Product 447,Supplements,173.72647928337207
448,Product 448,OTC,14.715498652007753
449,Product 449,OTC,28.41433258868175
450,Product 450,OTC,229.79764332536453
451,Product 451,Prescription,455.01296129323583
452,Product 452,Supplements,306.17340069416383
453,Product 453,OTC,312.55779675619266
454,Product 454,Supplements,120.23170905417967
455,Product 455,OTC,194.08738747130644
456,Product 456,OTC,92.20183121197846
457,Product 457,Supplements,225.00010941077784
458,Product 458,OTC,363.1324253617349
459,Product 459,Supplements,282.396573006681
460,Product 460,OTC,213.1508690015677
461,Product 461,Prescription,145.13584936112727
462,Product 462,Prescription,444.16557442701935
463,Product 463,OTC,224.44722972217428
464,Product 464,Prescription,53.43657751818285
465,Product 465,Supplements,9.394832874860718
466,Product 466,Prescription,135.2851729503501
467,Product 467,Prescription,211.4236174872
468,Product 468,Supplements,433.2913891957392
469,Product 469,OTC,62.59430478827672
470,Product 470,Prescription,10.4632067838625
471,Product 471,OTC,115.0978233486202
472,Product 472,Prescription,36.29996796339625
473,Product 473,Prescription,86.80089785018022
474,Product 474,Supplements,246.3082074964452
475,Product 475,OTC,149.91305157455233
476,Product 476,Supplements,497.96741677397625
477,Product 477,Prescription,318.5251922939781
478,Product 478,OTC,248.33171750829047
479,Product 479,Prescription,301.3825911617761
480,Product 480,Supplements,83.84659436455772
481,Product 481,Supplements,15.39863049600977
482,Product 482,Prescription,440.76452433963993
483,Product 483,Supplements,356.2444600423546
484,Product 484,Prescription,56.64724710039933
485,Product 485,Supplements,473.5966200578167
486,Product 486,Supplements,130.19983634006562
487,Product 487,Prescription,72.31817654787619
488,Product 488,Supplements,281.5883819793835
489,Product 489,OTC,440.87507652027386
490,Product 490,OTC,153.0930845624174
491,Product 491,OTC,54.93020803473343
492,Product 492,Supplements,244.3346905831096
493,Product 493,Prescription,157.36709731531698
494,Product 494,Supplements,483.1878416010459
495,Product 495,Supplements,220.29760650041044
496,Product 496,Prescription,53.741804526898456
497,Product 497,OTC,393.058258155976
498,Product 498,OTC,51.35193575833031
499,Product 499,Supplements,239.173258791386
500,Product 500,OTC,346.77842985966964
501,Product 501,OTC,480.20114392777
502,Product 502,Prescription,473.8973262218435
503,Product 503,Supplements,286.392521084742
504,Product 504,Supplements,298.8120321270339
505,Product 505,Supplements,237.6412634914116
506,Product 506,OTC,300.668959081366
507,Product 507,Prescription,109.1408489601585
508,Product 508,OTC,96.02321423538642
509,Product 509,OTC,181.2490782308995
510,Product 510,OTC,18.174392073091525
511,Product 511,Supplements,261.8722493252585
512,Product 512,Prescription,443.29816855284895
513,Product 513,Supplements,294.1526131715092
514,Product 514,Supplements,109.65733747936994
515,Product 515,OTC,127.32661398742316
516,Product 516,Supplements,371.69279013167926
517,Product 517,Prescription,32.11340016356119
518,Product 518,OTC,78.05258566335456
519,Product 519,OTC,365.7173352431768
520,Product 520,Supplements,466.3147905027191
521,Product 521,Prescription,106.06221357935894
522,Product 522,OTC,264.99870118872667
523,Product 523,Prescription,420.59796829996566
524,Product 524,Prescription,109.98745731970246
525,Product 525,OTC,93.42157647936747
526,Product 526,Supplements,435.9924272034982
527,Product 527,Supplements,107.73477726546189
528,Product 528,OTC,95.7698330729204
529,Product 529,Supplements,389.1521887270618
530,Product 530,Supplements,123.43069538203088
531,Product 531,OTC,153.9098220812032
532,Product 532,Prescription,33.02919352981465
533,Product 533,Supplements,75.85329201968197
534,Product 534,Prescription,195.2293239600351
535,Product 535,Prescription,392.3987777874244
536,Product 536,Supplements,162.5809757666157
537,Product 537,OTC,229.78693831244303
538,Product 538,Supplements,300.3043968811658
539,Product 539,Supplements,228.80554804854248
540,Product 540,Supplements,114.3512548629325
541,Product 541,OTC,64.54723298546821
542,Product 542,Supplements,388.49914958826616
543,Product 543,Prescription,235.66506505180425
544,Product 544,Supplements,283.2989351759412
545,Product 545,OTC,82.02993242601269
546,Product 546,Supplements,232.3113275394957
547,Product 547,OTC,26.972181099890683
548,Product 548,Supplements,217.6498389019374
549,Product 549,Supplements,163.08288674302682
550,Product 550,Supplements,190.84057661270137
551,Product 551,OTC,352.8771804573529
552,Product 552,Prescription,117.62801800328074
553,Product 553,OTC,240.615509200641
554,Product 554,OTC,351.452049974612
555,Product 555,Prescription,106.94272864986932
556,Product 556,Supplements,390.2395500209356
557,Product 557,OTC,88.0187633406854
558,Product 558,Prescription,136.25444284088886
559,Product 559,Prescription,170.51275539169112
560,Product 560,Supplements,183.43364041559417
561,Product 561,Prescription,175.56285216531597
562,Product 562,Supplements,178.25175423420023
563,Product 563,Prescription,62.98472195022258
564,Product 564,Supplements,226.7436426457361
565,Product 565,Supplements,180.3889240900279
566,Product 566,Supplements,113.94163995981266
567,Product 567,Supplements,476.1979501202353
568,Product 568,Supplements,297.6506147773326
569,Product 569,Prescription,106.19767667925258
570,Product 570,Supplements,478.3472758798833
571,Product 571,OTC,22.41542401616036
572,Product 572,Supplements,231.42115561341944
573,Product 573,OTC,472.26781058942055
574,Product 574,Prescription,228.24876217476412
575,Product 575,Prescription,124.88642414054198
576,Product 576,Prescription,246.5482966076849
577,Product 577,OTC,340.15423926541183
578,Product 578,Supplements,283.16679320182214
579,Product 579,Prescription,178.98916829947677
580,Product 580,OTC,451.5204729484632
581,Product 581,Supplements,469.5746045749615
582,Product 582,Prescription,124.73897088385948
583,Product 583,OTC,209.82553038854132
584,Product 584,Prescription,117.24665090443791
585,Product 585,Supplements,282.99232632652746
586,Product 586,Supplements,149.62179669704489
587,Product 587,Supplements,362.3125518168961
588,Product 588,Prescription,298.30013097165045
589,Product 589,Prescription,74.05658060281505
590,Product 590,Prescription,487.3468052471631
591,Product 591,Prescription,115.20244586333448
592,Product 592,Supplements,101.21459993030363
593,Product 593,Supplements,94.46127268453242
594,Product 594,OTC,478.56250632283127
595,Product 595,Prescription,301.7167673822667
596,Product 596,OTC,26.59956697086952
597,Product 597,Supplements,241.50222146862367
598,Product 598,Prescription,270.6686584519076
599,Product 599,Prescription,255.61123057016005
600,Product 600,OTC,382.94721674316617
601,Product 601,OTC,58.416875741135456
602,Product 602,OTC,195.4968160824376
603,Product 603,Supplements,184.91688972202385
604,Product 604,OTC,107.1529961042346
605,Product 605,Supplements,247.39170848439005
606,Product 606,OTC,248.63222967600524
607,Product 607,Supplements,339.1689334350367
608,Product 608,Prescription,226.95445705566573
609,Product 609,Prescription,147.82749118000137
610,Product 610,OTC,107.15525866818597
611,Product 611,Prescription,122.54463591198804
612,Product 612,OTC,78.0149163864192
613,Product 613,Prescription,199.1785423579101
614,Product 614,Prescription,99.98383510309196
615,Product 615,Supplements,208.6837659346988
616,Product 616,Prescription,391.7890274052688
617,Product 617,Prescription,332.6945102627758
618,Product 618,Prescription,217.76082529287044
619,Product 619,Prescription,80.15228443837606
620,Product 620,Supplements,408.6154355172692
621,Product 621,OTC,156.262417929385
622,Product 622,Prescription,420.22315903721767
623,Product 623,Supplements,307.3863298729848
624,Product 624,Prescription,282.73317356307666
625,Product 625,Supplements,98.29000326557112
626,Product 626,OTC,96.72859314906896
627,Product 627,OTC,273.0764862595662
628,Product 628,Prescription,175.00109734311906
629,Product 629,OTC,380.1144783780044
630,Product 630,Supplements,218.6115334124709
631,Product 631,Prescription,152.19986164483365
632,Product 632,Prescription,146.44266532019347
633,Product 633,Prescription,403.67643400735176
634,Product 634,Prescription,50.88585158486372
635,Product 635,Supplements,345.34408176383766
636,Product 636,OTC,223.48275917484884
637,Product 637,Prescription,160.94144554156685
638,Product 638,OTC,249.48296017693295
639,Product 639,OTC,315.1233192465544
640,Product 640,Prescription,11.667084574229222
641,Product 641,Prescription,259.4133024872881
642,Product 642,Supplements,36.58177022555261
643,Product 643,OTC,229.78206664208005
644,Product 644,OTC,287.9576574750372
645,Product 645,Supplements,40.69971264341245
646,Product 646,Supplements,146.97235398149033
647,Product 647,OTC,125.31692169816554
648,Product 648,Prescription,35.108300307219814
649,Product 649,Supplements,254.39043576956536
650,Product 650,Prescription,173.19861488609206
651,Product 651,OTC,196.49037816080596
652,Product 652,OTC,418.9900144196647
653,Product 653,Prescription,100.2736334764438
654,Product 654,Supplements,29.459803274071664
655,Product 655,Prescription,48.478730843978425
656,Product 656,Prescription,333.4469908754497
657,Product 657,Supplements,317.5397737866997
658,Product 658,OTC,216.91853832176272
659,Product 659,OTC,487.7089083555936
660,Product 660,Prescription,185.5629326331677
661,Product 661,OTC,26.25225646167986
662,Product 662,Supplements,343.2210572999712
663,Product 663,Supplements,265.905631809598
664,Product 664,Supplements,69.83252597127027
665,Product 665,Supplements,333.2789647312628
666,Product 666,Prescription,229.06952721856865
667,Product 667,Supplements,375.9486286926094
668,Product 668,Prescription,213.45506070058292
669,Product 669,OTC,170.8987536962287
670,Product 670,Prescription,433.33881057580135
671,Product 671,Prescription,297.89331641086454
672,Product 672,Supplements,205.63251899894425
673,Product 673,Supplements,346.17119702467363
674,Product 674,OTC,397.8927083184562
675,Product 675,Prescription,419.60383742530735
676,Product 676,Supplements,87.45141507736211
677,Product 677,Supplements,230.76985495391008
678,Product 678,Prescription,262.3008873986568
679,Product 679,Supplements,195.8005471216645
680,Product 680,OTC,51.09554615886593
681,Product 681,Prescription,154.072738052752
682,Product 682,OTC,200.90774030102
683,Product 683,Prescription,72.35196653255625
684,Product 684,Supplements,241.7112711722638
685,Product 685,Supplements,100.57508213321547
686,Product 686,Prescription,329.2496586448588
687,Product 687,Prescription,347.43663312611534
688,Product 688,Supplements,18.247475577857557
689,Product 689,OTC,468.0076774817182
690,Product 690,Prescription,312.7392286407257
691,Product 691,Prescription,397.8987501238875
692,Product 692,OTC,380.1377436535881
693,Product 693,Prescription,69.35656627005646
694,Product 694,Prescription,28.59303898406721
695,Product 695,Supplements,280.1197928996267
696,Product 696,Supplements,177.85045691261178
697,Product 697,Prescription,230.69028432913365
698,Product 698,OTC,359.86828793453003
699,Product 699,Supplements,449.91172276644096
700,Product 700,Prescription,391.45056553683867
701,Product 701,Prescription,331.43527260434007
702,Product 702,Prescription,379.35525610501713
703,Product 703,OTC,15.907509890723103
704,Product 704,OTC,398.6582135439463
705,Product 705,OTC,479.9150439271282
706,Product 706,Prescription,388.93420675766833
707,Product 707,Prescription,482.79698243984166
708,Product 708,Prescription,7.15921838539891
709,Product 709,Prescription,125.29547101117733
710,Product 710,OTC,326.8753751917481
711,Product 711,Prescription,284.34441737535417
712,Product 712,Supplements,56.80252860329501
713,Product 713,OTC,400.73190273666455
714,Product 714,OTC,188.6463609303074
715,Product 715,Prescription,402.70612339966897
716,Product 716,Prescription,348.20106932280896
717,Product 717,OTC,216.2025948197131
718,Product 718,Supplements,437.0725449681386
719,Product 719,Supplements,118.1471640613917
720,Product 720,OTC,157.21534831022402
721,Product 721,OTC,112.213711452935
722,Product 722,Supplements,337.9086189516222
723,Product 723,Prescription,213.9827116282886
724,Product 724,Prescription,416.7861903578368
725,Product 725,Supplements,85.23769174290871
726,Product 726,Prescription,370.7956566973089
727,Product 727,OTC,42.26160498810109
728,Product 728,Supplements,489.1375105396564
729,Product 729,OTC,480.0308207197976
730,Product 730,Prescription,247.6679635837367
731,Product 731,Supplements,231.97345227924697
732,Product 732,OTC,315.74108005746314
733,Product 733,Supplements,356.3763071843025
734,Product 734,Supplements,329.5146354215121
735,Product 735,Prescription,341.8048831675032
736,Product 736,Prescription,206.03590412306175
737,Product 737,Supplements,257.89861076552825
738,Product 738,Prescription,252.7232917218845
739,Product 739,Supplements,362.3486495960968
740,Product 740,OTC,119.24340456317536
741,Product 741,Prescription,193.68062429066467
742,Product 742,OTC,228.70038495303467
743,Product 743,Supplements,215.79210091460757
744,Product 744,Supplements,138.16211526128455
745,Product 745,Supplements,176.64243376321954
746,Product 746,Supplements,136.47802146591374
747,Product 747,Prescription,346.28279147616195
748,Product 748,OTC,415.8079194912598
749,Product 749,Prescription,308.18175834117665
750,Product 750,OTC,226.7013852909704
751,Product 751,Prescription,306.164623927584
752,Product 752,Prescription,489.4529050105353
753,Product 753,Supplements,403.7595970461457
754,Product 754,OTC,266.82122737047075
755,Product 755,Supplements,90.8144576383852
756,Product 756,Prescription,214.27742903713283
757,Product 757,Supplements,233.37175843270543
758,Product 758,OTC,242.68317165646928
759,Product 759,OTC,252.35420023435745
760,Product 760,Prescription,282.32847704074567
761,Product 761,Prescription,242.13855479496223
762,Product 762,Supplements,239.76004965639504
763,Product 763,Prescription,257.08527730380786
764,Product 764,OTC,423.0522063386304
765,Product 765,Supplements,113.44552748688464
766,Product 766,Supplements,173.25422407234944
767,Product 767,Supplements,211.50420062407028
768,Product 768,Supplements,68.97287912424481
769,Product 769,OTC,58.61086607925497
770,Product 770,Supplements,270.37306678411267
771,Product 771,Prescription,161.68607008993266
772,Product 772,OTC,286.9478434913097
773,Product 773,Supplements,397.6479979986019
774,Product 774,OTC,48.79044373917341
775,Product 775,Prescription,54.41708931599848
776,Product 776,Supplements,60.388932052672345
777,Product 777,Supplements,436.99223720445
778,Product 778,Supplements,440.4447821832909
779,Product 779,OTC,265.14098721632166
780,Product 780,Prescription,54.59556052144003
781,Product 781,OTC,287.0871032679084
782,Product 782,Prescription,280.8985053161562
783,Product 783,Prescription,77.23708265620779
784,Product 784,Supplements,137.40140164549678
785,Product 785,OTC,90.62743991703256
786,Product 786,Supplements,361.71349800765046
787,Product 787,Prescription,87.02598674439966
788,Product 788,OTC,401.7132862316016
789,Product 789,OTC,217.312727557484
790,Product 790,Prescription,366.17546365257306
791,Product 791,Prescription,132.77215577878087
792,Product 792,OTC,232.29696719773145
793,Product 793,OTC,263.2676978094024
794,Product 794,OTC,22.467753912616352
795,Product 795,OTC,220.5755562499407
796,Product 796,OTC,478.3712753725917
797,Product 797,OTC,291.4566826632108
798,Product 798,OTC,55.48874648363919
799,Product 799,Supplements,262.5914752577787
800,Product 800,OTC,250.88575620638449
801,Product 801,Prescription,132.14959512276232
802,Product 802,Prescription,303.44930578665844
803,Product 803,Supplements,241.5445445893806
804,Product 804,Supplements,409.03033699406507
805,Product 805,Supplements,262.67397217024524
806,Product 806,OTC,404.8788039454938
807,Product 807,OTC,418.75362607926905
808,Product 808,Prescription,163.69218225726132
809,Product 809,Prescription,32.334523683586525
810,Product 810,Supplements,70.95876015420376
811,Product 811,Prescription,113.64778523546134
812,Product 812,Prescription,57.76268808029398
813,Product 813,OTC,431.924775863346
814,Product 814,Supplements,327.97066819006903
815,Product 815,OTC,109.79731605793616
816,Product 816,Prescription,261.4011978051116
817,Product 817,OTC,91.72366549933584
818,Product 818,Prescription,107.93848889693166
819,Product 819,Prescription,229.69424793648497
820,Product 820,Prescription,316.9189086161901
821,Product 821,OTC,222.6972615887453
822,Product 822,Supplements,234.70272757579215
823,Product 823,Prescription,145.05147683945114
824,Product 824,Prescription,455.4665079756979
825,Product 825,Prescription,179.7858151008995
826,Product 826,Prescription,347.5761825543602
827,Product 827,Prescription,37.14208474923469
828,Product 828,Supplements,413.77470914048257
829,Product 829,Prescription,360.1916220980544
830,Product 830,Prescription,27.09106544131707
831,Product 831,Prescription,128.57938212221595
832,Product 832,OTC,57.86896374731814
833,Product 833,Prescription,378.7826603530116
834,Product 834,Prescription,467.0627093399926
835,Product 835,OTC,222.6085112835428
836,Product 836,Prescription,222.96481086143504
837,Product 837,Supplements,453.7543617917566
838,Product 838,OTC,409.79854285331226
839,Product 839,Supplements,26.663957942903284
840,Product 840,Supplements,351.1451038133165
841,Product 841,Prescription,305.69105068694216
842,Product 842,Supplements,114.57840599025756
843,Product 843,Prescription,333.6764259964216
844,Product 844,Prescription,143.42119218961605
845,Product 845,OTC,166.65663155265048
846,Product 846,Supplements,176.57991163522695
847,Product 847,Prescription,317.12958730252245
848,Product 848,Prescription,216.03725472648145
849,Product 849,Prescription,391.03570943083633
850,Product 850,OTC,236.8471011046758
851,Product 851,Prescription,27.21659320575538
852,Product 852,Supplements,61.51228196805258
853,Product 853,OTC,384.5817103698464
854,Product 854,Supplements,46.533297353673824
855,Product 855,Supplements,481.8581487687347
856,Product 856,OTC,47.17493344840894
857,Product 857,Supplements,178.7662842192203
858,Product 858,OTC,224.61559402387567
859,Product 859,OTC,486.5160704820759
860,Product 860,OTC,190.14694872381315
861,Product 861,Prescription,388.0301426801878
862,Product 862,OTC,489.9386810449668
863,Product 863,OTC,481.4169376856592
864,Product 864,Supplements,272.53128161161635
865,Product 865,OTC,44.92866455362597
866,Product 866,Prescription,327.5700486989235
867,Product 867,Supplements,418.5511083847855
868,Product 868,Supplements,134.0775489125393
869,Product 869,Supplements,156.607182541264
870,Product 870,Supplements,109.227320351505
871,Product 871,Prescription,382.7213985480057
872,Product 872,OTC,150.84354900605618
873,Product 873,Prescription,270.297076730968
874,Product 874,OTC,201.35446614077517
875,Product 875,OTC,357.6656265417884
876,Product 876,Prescription,88.60233726416836
877,Product 877,Supplements,69.773885314344
878,Product 878,Prescription,164.82117030774904
879,Product 879,Prescription,407.0518608188213
880,Product 880,Supplements,156.92726384816706
881,Product 881,Prescription,499.7181047518322
882,Product 882,OTC,480.6878935319311
883,Product 883,Supplements,174.913267224865
884,Product 884,OTC,185.87035412477823
885,Product 885,Supplements,487.23126432683466
886,Product 886,OTC,44.01057029603
887,Product 887,OTC,442.5932350722953
888,Product 888,Supplements,286.91093288604253
889,Product 889,Prescription,38.40288267097048
890,Product 890,OTC,276.1594915709888
891,Product 891,Supplements,320.0017549697667
892,Product 892,Supplements,271.58143005346307
893,Product 893,Prescription,200.8153080258573
894,Product 894,Supplements,298.9705963729661
895,Product 895,Supplements,61.37555118442435
896,Product 896,OTC,423.6361337027918
897,Product 897,Prescription,317.9326463787933
898,Product 898,Supplements,119.30510594463156
899,Product 899,Supplements,269.21661764433765
900,Product 900,OTC,374.43683744073337
901,Product 901,Supplements,477.5622935154801
902,Product 902,Supplements,359.79014053947736
903,Product 903,OTC,197.3025520164763
904,Product 904,OTC,146.09135716346597
905,Product 905,OTC,174.632634321695
906,Product 906,Supplements,419.9293986529012
907,Product 907,OTC,17.247072821786674
908,Product 908,OTC,297.3302843250687
909,Product 909,OTC,228.0996481156062
910,Product 910,OTC,54.06997109755248
911,Product 911,Supplements,423.1004246528513
912,Product 912,Prescription,52.54803530650605
913,Product 913,Prescription,330.6102877713835
914,Product 914,OTC,87.02354050603971
915,Product 915,Prescription,78.88492825893472
916,Product 916,Supplements,12.48257400394524
917,Product 917,OTC,473.2591999358686
918,Product 918,Prescription,16.34228727627328
919,Product 919,Prescription,405.6259652771057
920,Product 920,OTC,15.92058744895747
921,Product 921,Prescription,463.6432751089232
922,Product 922,Supplements,15.96065008191032
923,Product 923,OTC,180.49341079204564
924,Product 924,Supplements,339.28881036378056
925,Product 925,Prescription,60.04314097456695
926,Product 926,Prescription,349.86767294784374
927,Product 927,Prescription,185.414510905226
928,Product 928,Supplements,365.823343585596
929,Product 929,Supplements,219.74204510775567
930,Product 930,Supplements,34.360313762360576
931,Product 931,Prescription,157.83450694032877
932,Product 932,Prescription,217.91451776192596
933,Product 933,Supplements,456.2094271420088
934,Product 934,Prescription,220.8758472892229
935,Product 935,Supplements,54.10166197373071
936,Product 936,Supplements,135.08936053147391
937,Product 937,Supplements,368.7066695372509
938,Product 938,Prescription,159.16251896994956
939,Product 939,Prescription,183.15224891563227
940,Product 940,OTC,146.44900085685924
941,Product 941,Supplements,216.52887171759437
942,Product 942,Supplements,186.59721262150256
943,Product 943,Supplements,210.19163251688047
944,Product 944,Prescription,248.80195812380737
945,Product 945,Supplements,262.4044182829824
946,Product 946,OTC,185.43159458823803
947,Product 947,Prescription,259.3295776039254
948,Product 948,Supplements,348.72278360033954
949,Product 949,Prescription,24.40909767162229
950,Product 950,Supplements,76.93812911922276
951,Product 951,Supplements,19.391684748558102
952,Product 952,OTC,114.29100487992628
953,Product 953,Prescription,171.94847971372684
954,Product 954,Prescription,167.93891931739068
955,Product 955,Prescription,263.9813369704742
956,Product 956,OTC,303.3610512735087
957,Product 957,Prescription,99.36814316987602
958,Product 958,Supplements,102.68066495036447
959,Product 959,OTC,407.32026695412645
960,Product 960,OTC,316.2956245828741
961,Product 961,OTC,103.57463402981772
962,Product 962,Supplements,332.32230566875165
963,Product 963,Prescription,345.0041421570326
964,Product 964,OTC,35.7512472610768
965,Product 965,Supplements,230.75174128315476
966,Product 966,OTC,418.0332753506116
967,Product 967,Prescription,319.9325656308184
968,Product 968,OTC,153.5312076408142
969,Product 969,Supplements,372.1583449644568
970,Product 970,OTC,233.50222931819505
971,Product 971,Supplements,434.4202590343663
972,Product 972,Supplements,207.1274580680652
973,Product 973,Supplements,398.9484627313397
974,Product 974,OTC,72.30093377653263
975,Product 975,Supplements,166.85231221133438
976,Product 976,OTC,218.55124800517757
977,Product 977,OTC,437.0435377414509
978,Product 978,Prescription,430.5341389903252
979,Product 979,Supplements,404.958109742944
980,Product 980,Supplements,239.90313653368543
981,Product 981,OTC,340.16391532359097
982,Product 982,OTC,117.46326566834006
983,Product 983,Supplements,388.3701149541168
984,Product 984,Supplements,149.80608627697163
985,Product 985,Prescription,21.804734744812716
986,Product 986,OTC,298.24975641027106
987,Product 987,Prescription,301.0053087702536
988,Product 988,OTC,472.39376219032863
989,Product 989,OTC,368.4570435950826
990,Product 990,OTC,261.85522836351936
991,Product 991,Prescription,189.6085732752548
992,Product 992,Supplements,188.31699057669968
993,Product 993,Supplements,466.3040073601947
994,Product 994,Prescription,31.056862858992087
995,Product 995,Supplements,346.15160494480347
996,Product 996,Supplements,319.3596143329207
997,Product 997,Supplements,459.50851770887215
998,Product 998,Prescription,104.65483034146465
999,Product 999,Supplements,119.06908580592454
1000,Product 1000,Supplements,249.9912837646105
1001,Product 1001,Supplements,369.1064613831424
1002,Product 1002,Prescription,193.33460027439872
1003,Product 1003,OTC,139.71158130735742
1004,Product 1004,OTC,456.4379331142284
1005,Product 1005,Supplements,376.8267739075385
1006,Product 1006,OTC,491.0278401310142
1007,Product 1007,OTC,347.59169637283134
1008,Product 1008,Supplements,446.1323950193327
1009,Product 1009,Supplements,269.13114036952965
1010,Product 1010,Supplements,79.30381924800832
1011,Product 1011,Supplements,348.7705842521844
1012,Product 1012,OTC,185.10109466252516
1013,Product 1013,Supplements,310.99251896938915
1014,Product 1014,OTC,288.50712371807833
1015,Product 1015,Prescription,301.87808372306614
1016,Product 1016,OTC,225.30531409815583
1017,Product 1017,OTC,302.1142873484746
1018,Product 1018,Prescription,460.5490732762728
1019,Product 1019,Prescription,315.3105220506578
1020,Product 1020,Prescription,75.9878355124197
1021,Product 1021,Prescription,116.14751598183156
1022,Product 1022,Prescription,367.8376112931646
1023,Product 1023,Supplements,443.8346063410206
1024,Product 1024,OTC,471.59822484742193
1025,Product 1025,Prescription,8.888538427340505
1026,Product 1026,Supplements,411.9879563911869
1027,Product 1027,OTC,67.35105890982705
1028,Product 1028,Prescription,443.7746659139436
1029,Product 1029,Prescription,145.02717373632342
1030,Product 1030,Prescription,493.5879383649748
1031,Product 1031,Prescription,165.94527735219282
1032,Product 1032,Prescription,136.90205807062887
1033,Product 1033,OTC,339.1391537594133
1034,Product 1034,Prescription,242.08021730642693
1035,Product 1035,Supplements,229.27783447443645
1036,Product 1036,Supplements,413.78801540430646
1037,Product 1037,Supplements,444.7968440745618
1038,Product 1038,Prescription,411.1800003252053
1039,Product 1039,Prescription,280.0810231525401
1040,Product 1040,Supplements,478.7579359678829
1041,Product 1041,Supplements,348.81009455776035
1042,Product 1042,Prescription,346.8756534217258
1043,Product 1043,OTC,459.41740960101066
1044,Product 1044,Prescription,48.7941591189057
1045,Product 1045,Prescription,340.87551203438977
1046,Product 1046,OTC,336.1764268322248
1047,Product 1047,Supplements,300.1307431350229
1048,Product 1048,Prescription,391.9978989842304
1049,Product 1049,Supplements,42.70681312596454
1050,Product 1050,OTC,496.8803584781034
1051,Product 1051,OTC,465.3276256647472
1052,Product 1052,Prescription,428.7054041568078
1053,Product 1053,Supplements,190.94581394381805
1054,Product 1054,OTC,187.64132626673856
1055,Product 1055,Supplements,132.53119740853992
1056,Product 1056,Supplements,212.24352937843443
1057,Product 1057,Prescription,235.94382191169575
1058,Product 1058,Supplements,136.67609663894814
1059,Product 1059,Prescription,72.5011249932054
1060,Product 1060,Prescription,51.52607085125855
1061,Product 1061,Prescription,316.99102336556206
1062,Product 1062,Prescription,370.28105182049416
1063,Product 1063,Supplements,315.5299986549384
1064,Product 1064,OTC,230.51687148890025
1065,Product 1065,Supplements,140.69424832124966
1066,Product 1066,Prescription,400.7535922184669
1067,Product 1067,Supplements,76.5152915280281
1068,Product 1068,Prescription,140.28166533003355
1069,Product 1069,Prescription,13.316005772119096
1070,Product 1070,Supplements,486.4538307047815
1071,Product 1071,OTC,126.87677496511488
1072,Product 1072,Supplements,186.8753713686521
1073,Product 1073,Prescription,399.3191047184656
1074,Product 1074,OTC,131.07175249571696
1075,Product 1075,Prescription,262.8294906211188
1076,Product 1076,Supplements,345.2374345527269
1077,Product 1077,Supplements,450.8271875152968
1078,Product 1078,OTC,414.0840170175769
1079,Product 1079,Prescription,300.4666460949407
1080,Product 1080,OTC,311.0145910692025
1081,Product 1081,Supplements,413.971711826905
1082,Product 1082,Prescription,28.53657361537901
1083,Product 1083,Prescription,211.9985705173972
1084,Product 1084,Prescription,74.38447597605233
1085,Product 1085,Prescription,62.69507215372206
1086,Product 1086,OTC,460.3455446257348
1087,Product 1087,OTC,429.7423419490389
1088,Product 1088,Prescription,149.86211381828016
1089,Product 1089,Prescription,384.440538033602
1090,Product 1090,Supplements,326.878057404573
1091,Product 1091,Supplements,458.3604322251412
1092,Product 1092,Supplements,456.9173486282566
1093,Product 1093,OTC,100.8964624848057
1094,Product 1094,OTC,399.7012067224074
1095,Product 1095,Supplements,195.30951903545952
1096,Product 1096,OTC,484.701352680605
1097,Product 1097,Prescription,399.5240747692432
1098,Product 1098,OTC,307.9451194343817
1099,Product 1099,Supplements,336.5892997605801
1100,Product 1100,Prescription,271.8801768748092
622,Product 622,Prescription,420.22315903721767
838,Product 838,OTC,409.79854285331226
841,Product 841,Prescription,305.69105068694216
761,Product 761,Prescription,242.13855479496223
512,Product 512,Prescription,443.29816855284895
779,Product 779,OTC,265.14098721632166
727,Product 727,OTC,42.26160498810109
614,Product 614,Prescription,99.98383510309196
960,Product 960,OTC,316.2956245828741
237,Product 237,Supplements,272.4897586304809
912,Product 912,Prescription,52.54803530650605
177,Product 177,OTC,323.78473601361213
737,Product 737,Supplements,257.89861076552825
1074,Product 1074,OTC,131.07175249571696
1039,Product 1039,Prescription,280.0810231525401
1000,Product 1000,Supplements,249.9912837646105
381,Product 381,Supplements,115.09617548418228
984,Product 984,Supplements,149.80608627697163
862,Product 862,OTC,489.9386810449668
420,Product 420,Supplements,287.53763041802955
650,Product 650,Prescription,173.19861488609206
275,Product 275,OTC,447.0338396464675
472,Product 472,Prescription,36.29996796339625
628,Product 628,Prescription,175.00109734311906
311,Product 311,OTC,397.0019443175104
336,Product 336,Prescription,406.55401935139406
202,Product 202,Supplements,53.07189346098152
1087,Product 1087,OTC,429.7423419490389
1003,Product 1003,OTC,139.71158130735742
1048,Product 1048,Prescription,391.9978989842304
447,Product 447,Supplements,173.72647928337207
240,Product 240,Prescription,478.3047675097333
722,Product 722,Supplements,337.9086189516222
600,Product 600,OTC,382.94721674316617
471,Product 471,OTC,115.0978233486202
299,Product 299,OTC,109.81846804238909
788,Product 788,OTC,401.7132862316016
685,Product 685,Supplements,100.57508213321547
1002,Product 1002,Prescription,193.33460027439872
160,Product 160,Supplements,395.2673551981743
429,Product 429,Prescription,133.78018948780274
197,Product 197,OTC,185.57927253010388
413,Product 413,OTC,68.03743004685282
1075,Product 1075,Prescription,262.8294906211188
400,Product 400,OTC,296.34173691559374
378,Product 378,OTC,86.77705052808068
1025,Product 1025,Prescription,8.888538427340505
702,Product 702,Prescription,379.35525610501713
540,Product 540,Supplements,114.3512548629325
938,Product 938,Prescription,159.16251896994956
